,numberOfEntriesPurchasedPerCountryBy10000,dateRep,cases,deaths,geoId,countriesAndTerritories,country,averageEntriesPerCountryBy10000,difference_from_average
0,,2020-02-03,0,0,AT,Austria,AT,129.0,
1,,2020-03-06,12,0,AT,Austria,AT,129.0,
2,,2020-02-10,0,0,AT,Austria,AT,129.0,
3,,2020-04-15,191,16,AT,Austria,AT,129.0,
4,,2020-04-29,58,20,AT,Austria,AT,129.0,
5,111.0,2019-12-24,0,0,AT,Austria,AT,129.0,-18.0
6,,2020-05-19,25,0,AT,Austria,AT,129.0,
7,,2020-02-06,0,0,AT,Austria,AT,129.0,
8,,2020-03-15,151,0,AT,Austria,AT,129.0,
9,,2020-05-11,10,3,AT,Austria,AT,129.0,
10,81.0,2020-03-17,156,2,AT,Austria,AT,129.0,-48.0
11,,2020-01-02,0,0,AT,Austria,AT,129.0,
12,,2020-03-11,51,0,AT,Austria,AT,129.0,
13,,2020-03-08,25,0,AT,Austria,AT,129.0,
14,,2020-01-04,0,0,AT,Austria,AT,129.0,
15,,2020-03-04,6,0,AT,Austria,AT,129.0,
16,,2020-02-22,0,0,AT,Austria,AT,129.0,
17,136.0,2019-11-05,0,0,AT,Austria,AT,129.0,7.0
18,,2020-02-01,0,0,AT,Austria,AT,129.0,
19,,2020-01-10,0,0,AT,Austria,AT,129.0,
20,,2020-03-02,4,0,AT,Austria,AT,129.0,
21,,2020-01-26,0,0,AT,Austria,AT,129.0,
22,,2020-03-29,594,0,AT,Austria,AT,129.0,
23,,2020-04-11,312,24,AT,Austria,AT,129.0,
24,,2020-05-06,17,6,AT,Austria,AT,129.0,
25,,2020-01-09,0,0,AT,Austria,AT,129.0,
26,,2020-03-09,3,0,AT,Austria,AT,129.0,
27,,2020-05-17,72,0,AT,Austria,AT,129.0,
28,,2020-04-27,55,6,AT,Austria,AT,129.0,
29,,2020-05-01,60,4,AT,Austria,AT,129.0,
30,112.0,2019-10-15,0,0,AT,Austria,AT,129.0,-17.0
31,,2020-04-16,136,9,AT,Austria,AT,129.0,
32,98.0,2019-11-26,0,0,AT,Austria,AT,129.0,-31.0
33,,2020-01-15,0,0,AT,Austria,AT,129.0,
34,,2020-04-20,48,9,AT,Austria,AT,129.0,
35,,2020-05-03,12,7,AT,Austria,AT,129.0,
36,,2020-01-31,0,0,AT,Austria,AT,129.0,
37,,2020-01-17,0,0,AT,Austria,AT,129.0,
38,,2020-03-28,668,16,AT,Austria,AT,129.0,
39,,2020-02-24,0,0,AT,Austria,AT,129.0,
40,115.0,2019-10-22,0,0,AT,Austria,AT,129.0,-14.0
41,,2020-02-07,0,0,AT,Austria,AT,129.0,
42,141.0,2020-01-14,0,0,AT,Austria,AT,129.0,12.0
43,,2020-04-12,247,18,AT,Austria,AT,129.0,
44,,2020-02-20,0,0,AT,Austria,AT,129.0,
45,,2020-04-13,130,13,AT,Austria,AT,129.0,
46,,2020-03-01,3,0,AT,Austria,AT,129.0,
47,75.0,2020-03-31,805,22,AT,Austria,AT,129.0,-54.0
48,,2020-02-27,0,0,AT,Austria,AT,129.0,
49,,2020-05-09,62,5,AT,Austria,AT,129.0,
50,,2020-05-13,36,3,AT,Austria,AT,129.0,
51,66.0,2020-03-24,855,9,AT,Austria,AT,129.0,-63.0
52,125.0,2019-10-29,0,0,AT,Austria,AT,129.0,-4.0
53,,2020-01-18,0,0,AT,Austria,AT,129.0,
54,,2020-02-16,0,0,AT,Austria,AT,129.0,
55,,2020-04-10,279,22,AT,Austria,AT,129.0,
56,93.0,2020-04-14,106,18,AT,Austria,AT,129.0,-36.0
57,,2020-05-04,68,2,AT,Austria,AT,129.0,
58,,2020-01-05,0,0,AT,Austria,AT,129.0,
59,,2020-04-06,217,18,AT,Austria,AT,129.0,
60,,2020-04-23,91,31,AT,Austria,AT,129.0,
61,,2020-04-01,564,20,AT,Austria,AT,129.0,
62,,2020-02-26,2,0,AT,Austria,AT,129.0,
63,,2020-04-17,78,17,AT,Austria,AT,129.0,
64,,2020-02-05,0,0,AT,Austria,AT,129.0,
65,,2020-02-14,0,0,AT,Austria,AT,129.0,
66,,2020-01-25,0,0,AT,Austria,AT,129.0,
67,106.0,2020-03-10,29,0,AT,Austria,AT,129.0,-23.0
68,,2020-05-15,41,2,AT,Austria,AT,129.0,
69,,2020-01-13,0,0,AT,Austria,AT,129.0,
70,,2020-01-19,0,0,AT,Austria,AT,129.0,
71,,2020-01-22,0,0,AT,Austria,AT,129.0,
72,,2020-01-06,0,0,AT,Austria,AT,129.0,
73,,2020-01-12,0,0,AT,Austria,AT,129.0,
74,,2020-03-25,796,5,AT,Austria,AT,129.0,
75,,2020-05-18,14,1,AT,Austria,AT,129.0,
76,,2020-02-13,0,0,AT,Austria,AT,129.0,
77,,2020-05-07,65,2,AT,Austria,AT,129.0,
78,115.0,2020-02-04,0,0,AT,Austria,AT,129.0,-14.0
79,121.0,2020-01-07,0,0,AT,Austria,AT,129.0,-8.0
80,,2020-01-30,0,0,AT,Austria,AT,129.0,
81,,2020-05-08,22,1,AT,Austria,AT,129.0,
82,,2020-05-16,63,2,AT,Austria,AT,129.0,
83,,2020-05-02,34,5,AT,Austria,AT,129.0,
84,,2020-04-02,529,18,AT,Austria,AT,129.0,
85,88.0,2020-04-07,314,16,AT,Austria,AT,129.0,-41.0
86,118.0,2020-05-12,87,2,AT,Austria,AT,129.0,-11.0
87,,2020-03-05,5,0,AT,Austria,AT,129.0,
88,,2020-02-15,0,0,AT,Austria,AT,129.0,
89,,2020-03-18,316,0,AT,Austria,AT,129.0,
90,,2020-01-03,0,0,AT,Austria,AT,129.0,
91,,2020-04-24,61,14,AT,Austria,AT,129.0,
92,,2020-04-05,241,18,AT,Austria,AT,129.0,
93,,2020-01-08,0,0,AT,Austria,AT,129.0,
94,,2020-02-29,2,0,AT,Austria,AT,129.0,
95,,2020-04-26,66,23,AT,Austria,AT,129.0,
96,165.0,2019-11-19,0,0,AT,Austria,AT,129.0,36.0
97,150.0,2019-11-12,0,0,AT,Austria,AT,129.0,21.0
98,100.0,2020-05-05,31,2,AT,Austria,AT,129.0,-29.0
99,,2020-04-08,343,23,AT,Austria,AT,129.0,
100,,2020-02-09,0,0,AT,Austria,AT,129.0,
101,,2020-04-18,155,21,AT,Austria,AT,129.0,
102,,2020-02-21,0,0,AT,Austria,AT,129.0,
103,,2020-03-20,550,2,AT,Austria,AT,129.0,
104,,2020-03-21,453,0,AT,Austria,AT,129.0,
105,92.0,2020-03-03,4,0,AT,Austria,AT,129.0,-37.0
106,,2020-03-07,33,0,AT,Austria,AT,129.0,
107,,2020-03-30,522,18,AT,Austria,AT,129.0,
108,85.0,2020-04-28,67,7,AT,Austria,AT,129.0,-44.0
109,109.0,2019-12-17,0,0,AT,Austria,AT,129.0,-20.0
110,,2020-02-17,0,0,AT,Austria,AT,129.0,
111,,2020-04-04,396,10,AT,Austria,AT,129.0,
112,131.0,2019-12-03,0,0,AT,Austria,AT,129.0,2.0
113,148.0,2019-12-31,0,0,AT,Austria,AT,129.0,19.0
114,,2020-01-24,0,0,AT,Austria,AT,129.0,
115,,2020-03-23,607,8,AT,Austria,AT,129.0,
116,,2020-03-13,115,1,AT,Austria,AT,129.0,
117,,2020-03-16,205,0,AT,Austria,AT,129.0,
118,,2020-04-25,83,5,AT,Austria,AT,129.0,
119,,2020-01-23,0,0,AT,Austria,AT,129.0,
120,103.0,2020-02-18,0,0,AT,Austria,AT,129.0,-26.0
121,,2020-04-19,59,12,AT,Austria,AT,129.0,
122,109.0,2020-02-25,0,0,AT,Austria,AT,129.0,-20.0
123,,2020-01-11,0,0,AT,Austria,AT,129.0,
124,93.0,2020-01-21,0,0,AT,Austria,AT,129.0,-36.0
125,,2020-05-20,78,3,AT,Austria,AT,129.0,
126,,2020-01-01,0,0,AT,Austria,AT,129.0,
127,,2020-02-08,0,0,AT,Austria,AT,129.0,
128,,2020-04-09,329,30,AT,Austria,AT,129.0,
129,,2020-02-02,0,0,AT,Austria,AT,129.0,
130,91.0,2020-01-28,0,0,AT,Austria,AT,129.0,-38.0
131,,2020-01-29,0,0,AT,Austria,AT,129.0,
132,,2020-02-12,0,0,AT,Austria,AT,129.0,
133,98.0,2019-12-10,0,0,AT,Austria,AT,129.0,-31.0
134,,2020-02-28,3,0,AT,Austria,AT,129.0,
135,,2020-03-12,64,0,AT,Austria,AT,129.0,
136,,2020-05-14,54,1,AT,Austria,AT,129.0,
137,,2020-03-22,375,2,AT,Austria,AT,129.0,
138,73.0,2020-04-21,73,10,AT,Austria,AT,129.0,-56.0
139,100.0,2020-02-11,0,0,AT,Austria,AT,129.0,-29.0
140,,2020-04-22,50,1,AT,Austria,AT,129.0,
141,,2020-01-16,0,0,AT,Austria,AT,129.0,
142,,2020-01-20,0,0,AT,Austria,AT,129.0,
143,,2020-03-26,606,4,AT,Austria,AT,129.0,
144,,2020-01-27,0,0,AT,Austria,AT,129.0,
145,,2020-03-27,1141,18,AT,Austria,AT,129.0,
146,,2020-02-19,0,0,AT,Austria,AT,129.0,
147,,2020-05-10,42,1,AT,Austria,AT,129.0,
148,,2020-02-23,0,0,AT,Austria,AT,129.0,
149,,2020-03-14,143,0,AT,Austria,AT,129.0,
150,,2020-04-03,418,12,AT,Austria,AT,129.0,
151,,2020-03-19,314,1,AT,Austria,AT,129.0,
152,,2020-04-30,50,11,AT,Austria,AT,129.0,
153,,2020-05-08,533,16,PT,Portugal,PT,245.0,
154,258.0,2020-01-14,0,0,PT,Portugal,PT,245.0,13.0
155,194.0,2020-03-10,9,0,PT,Portugal,PT,245.0,-51.0
156,,2020-03-08,8,0,PT,Portugal,PT,245.0,
157,,2020-03-15,57,0,PT,Portugal,PT,245.0,
158,153.0,2020-04-14,349,31,PT,Portugal,PT,245.0,-92.0
159,,2020-05-09,553,9,PT,Portugal,PT,245.0,
160,212.0,2020-03-03,2,0,PT,Portugal,PT,245.0,-33.0
161,,2020-03-07,4,0,PT,Portugal,PT,245.0,
162,,2020-04-03,783,22,PT,Portugal,PT,245.0,
163,,2020-04-11,1516,26,PT,Portugal,PT,245.0,
164,,2020-04-16,643,32,PT,Portugal,PT,245.0,
165,,2020-04-24,371,35,PT,Portugal,PT,245.0,
166,,2020-04-17,750,30,PT,Portugal,PT,245.0,
167,,2020-04-25,918,60,PT,Portugal,PT,245.0,
168,,2020-04-08,712,34,PT,Portugal,PT,245.0,
169,,2020-04-09,699,35,PT,Portugal,PT,245.0,
170,239.0,2019-11-05,0,0,PT,Portugal,PT,245.0,-6.0
171,,2020-04-13,598,34,PT,Portugal,PT,245.0,
172,229.0,2019-12-10,0,0,PT,Portugal,PT,245.0,-16.0
173,,2020-03-21,235,3,PT,Portugal,PT,245.0,
174,174.0,2020-04-28,298,20,PT,Portugal,PT,245.0,-71.0
175,160.0,2020-04-21,657,21,PT,Portugal,PT,245.0,-85.0
176,,2020-05-17,227,13,PT,Portugal,PT,245.0,
177,,2020-03-19,194,1,PT,Portugal,PT,245.0,
178,,2020-03-04,2,0,PT,Portugal,PT,245.0,
179,,2020-03-16,76,0,PT,Portugal,PT,245.0,
180,,2020-05-18,226,15,PT,Portugal,PT,245.0,
181,,2020-03-23,320,2,PT,Portugal,PT,245.0,
182,,2020-04-18,181,28,PT,Portugal,PT,245.0,
183,176.0,2020-03-17,86,0,PT,Portugal,PT,245.0,-69.0
184,214.0,2020-01-21,0,0,PT,Portugal,PT,245.0,-31.0
185,,2020-03-22,260,6,PT,Portugal,PT,245.0,
186,,2020-04-26,412,23,PT,Portugal,PT,245.0,
187,204.0,2020-02-18,0,0,PT,Portugal,PT,245.0,-41.0
188,,2020-04-12,515,35,PT,Portugal,PT,245.0,
189,,2020-05-03,-161,16,PT,Portugal,PT,245.0,
190,,2020-04-04,852,37,PT,Portugal,PT,245.0,
191,,2020-05-13,234,19,PT,Portugal,PT,245.0,
192,247.0,2020-02-04,0,0,PT,Portugal,PT,245.0,2.0
193,229.0,2019-10-22,0,0,PT,Portugal,PT,245.0,-16.0
194,,2020-04-06,754,29,PT,Portugal,PT,245.0,
195,175.0,2020-05-05,0,0,PT,Portugal,PT,245.0,-70.0
196,,2020-03-09,9,0,PT,Portugal,PT,245.0,
197,,2020-03-12,18,0,PT,Portugal,PT,245.0,
198,,2020-03-20,143,1,PT,Portugal,PT,245.0,
199,,2020-03-26,633,10,PT,Portugal,PT,245.0,
200,,2020-05-14,219,12,PT,Portugal,PT,245.0,
201,178.0,2020-05-12,98,9,PT,Portugal,PT,245.0,-67.0
202,146.0,2020-04-07,452,16,PT,Portugal,PT,245.0,-99.0
203,,2020-04-05,638,20,PT,Portugal,PT,245.0,
204,296.0,2019-11-12,0,0,PT,Portugal,PT,245.0,51.0
205,,2020-04-01,1035,20,PT,Portugal,PT,245.0,
206,228.0,2019-10-15,0,0,PT,Portugal,PT,245.0,-17.0
207,221.0,2020-01-07,0,0,PT,Portugal,PT,245.0,-24.0
208,,2020-04-30,368,16,PT,Portugal,PT,245.0,
209,,2020-04-23,603,23,PT,Portugal,PT,245.0,
210,,2020-03-28,724,16,PT,Portugal,PT,245.0,
211,,2020-05-10,138,12,PT,Portugal,PT,245.0,
212,,2020-03-27,549,17,PT,Portugal,PT,245.0,
213,,2020-03-30,792,19,PT,Portugal,PT,245.0,
214,,2020-05-20,223,16,PT,Portugal,PT,245.0,
215,,2020-03-11,2,0,PT,Portugal,PT,245.0,
216,,2020-03-14,34,0,PT,Portugal,PT,245.0,
217,,2020-04-19,663,30,PT,Portugal,PT,245.0,
218,,2020-05-11,175,9,PT,Portugal,PT,245.0,
219,,2020-04-02,808,27,PT,Portugal,PT,245.0,
220,267.0,2019-12-31,0,0,PT,Portugal,PT,245.0,22.0
221,,2020-05-02,364,0,PT,Portugal,PT,245.0,
222,252.0,2019-12-24,0,0,PT,Portugal,PT,245.0,7.0
223,,2020-03-29,902,24,PT,Portugal,PT,245.0,
224,208.0,2020-02-11,0,0,PT,Portugal,PT,245.0,-37.0
225,285.0,2019-11-19,0,0,PT,Portugal,PT,245.0,40.0
226,,2020-03-13,19,0,PT,Portugal,PT,245.0,
227,,2020-04-27,163,25,PT,Portugal,PT,245.0,
228,,2020-05-07,480,15,PT,Portugal,PT,245.0,
229,,2020-05-19,173,13,PT,Portugal,PT,245.0,
230,126.0,2020-03-31,446,21,PT,Portugal,PT,245.0,-119.0
231,,2020-04-22,516,27,PT,Portugal,PT,245.0,
232,,2020-05-04,334,40,PT,Portugal,PT,245.0,
233,,2020-05-06,178,11,PT,Portugal,PT,245.0,
234,,2020-04-10,815,29,PT,Portugal,PT,245.0,
235,,2020-05-16,264,6,PT,Portugal,PT,245.0,
236,,2020-03-25,302,10,PT,Portugal,PT,245.0,
237,208.0,2019-12-03,0,0,PT,Portugal,PT,245.0,-37.0
238,224.0,2019-12-17,0,0,PT,Portugal,PT,245.0,-21.0
239,,2020-05-15,187,9,PT,Portugal,PT,245.0,
240,122.0,2020-03-24,460,9,PT,Portugal,PT,245.0,-123.0
241,225.0,2019-11-26,0,0,PT,Portugal,PT,245.0,-20.0
242,,2020-03-05,1,0,PT,Portugal,PT,245.0,
243,204.0,2020-01-28,0,0,PT,Portugal,PT,245.0,-41.0
244,202.0,2020-02-25,0,0,PT,Portugal,PT,245.0,-43.0
245,230.0,2019-10-29,0,0,PT,Portugal,PT,245.0,-15.0
246,,2020-03-18,117,1,PT,Portugal,PT,245.0,
247,,2020-03-06,4,0,PT,Portugal,PT,245.0,
248,,2020-04-20,521,27,PT,Portugal,PT,245.0,
249,,2020-04-29,180,25,PT,Portugal,PT,245.0,
250,,2020-04-15,514,32,PT,Portugal,PT,245.0,
251,,2020-05-01,295,18,PT,Portugal,PT,245.0,
252,,2020-04-06,1873,518,FR,France,FR,432.0,
253,,2020-04-10,4286,1341,FR,France,FR,432.0,
254,,2020-04-11,4342,987,FR,France,FR,432.0,
255,288.0,2020-04-21,2051,547,FR,France,FR,432.0,-144.0
256,,2020-04-29,1065,367,FR,France,FR,432.0,
257,,2020-01-02,0,0,FR,France,FR,432.0,
258,,2020-05-07,4183,278,FR,France,FR,432.0,
259,,2020-02-29,19,0,FR,France,FR,432.0,
260,,2020-05-18,120,483,FR,France,FR,432.0,
261,,2020-02-16,0,0,FR,France,FR,432.0,
262,,2020-04-17,2641,753,FR,France,FR,432.0,
263,,2020-04-20,785,395,FR,France,FR,432.0,
264,280.0,2020-04-28,1195,437,FR,France,FR,432.0,-152.0
265,,2020-05-16,563,104,FR,France,FR,432.0,
266,395.0,2019-10-15,0,0,FR,France,FR,432.0,-37.0
267,,2020-01-11,0,0,FR,France,FR,432.0,
268,,2020-05-06,1104,330,FR,France,FR,432.0,
269,423.0,2019-10-29,0,0,FR,France,FR,432.0,-9.0
270,,2020-01-17,0,0,FR,France,FR,432.0,
271,,2020-02-17,1,0,FR,France,FR,432.0,
272,272.0,2020-04-07,3912,833,FR,France,FR,432.0,-160.0
273,,2020-01-29,1,0,FR,France,FR,432.0,
274,,2020-04-30,1607,427,FR,France,FR,432.0,
275,,2020-01-25,3,0,FR,France,FR,432.0,
276,,2020-05-01,1139,289,FR,France,FR,432.0,
277,,2020-05-10,433,80,FR,France,FR,432.0,
278,356.0,2020-02-11,0,0,FR,France,FR,432.0,-76.0
279,,2020-03-30,2599,292,FR,France,FR,432.0,
280,,2020-05-17,372,96,FR,France,FR,432.0,
281,,2020-03-18,1097,27,FR,France,FR,432.0,
282,347.0,2020-02-18,0,0,FR,France,FR,432.0,-85.0
283,263.0,2020-04-14,2673,574,FR,France,FR,432.0,-169.0
284,,2020-05-15,622,351,FR,France,FR,432.0,
285,,2020-05-11,209,70,FR,France,FR,432.0,
286,,2020-02-06,0,0,FR,France,FR,432.0,
287,,2020-03-11,372,3,FR,France,FR,432.0,
288,,2020-02-01,0,0,FR,France,FR,432.0,
289,,2020-01-05,0,0,FR,France,FR,432.0,
290,,2020-01-15,0,0,FR,France,FR,432.0,
291,,2020-02-19,0,0,FR,France,FR,432.0,
292,354.0,2019-12-03,0,0,FR,France,FR,432.0,-78.0
293,,2020-04-01,7578,499,FR,France,FR,432.0,
294,,2020-03-05,73,0,FR,France,FR,432.0,
295,,2020-01-10,0,0,FR,France,FR,432.0,
296,,2020-05-03,794,166,FR,France,FR,432.0,
297,,2020-04-12,3114,635,FR,France,FR,432.0,
298,,2020-03-28,3809,299,FR,France,FR,432.0,
299,380.0,2019-12-10,0,0,FR,France,FR,432.0,-52.0
300,,2020-02-27,3,1,FR,France,FR,432.0,
301,457.0,2020-01-07,0,0,FR,France,FR,432.0,25.0
302,347.0,2020-03-03,48,1,FR,France,FR,432.0,-85.0
303,,2020-04-22,2667,531,FR,France,FR,432.0,
304,,2020-02-21,0,0,FR,France,FR,432.0,
305,437.0,2019-11-05,0,0,FR,France,FR,432.0,5.0
306,448.0,2020-01-14,0,0,FR,France,FR,432.0,16.0
307,,2020-03-07,190,2,FR,France,FR,432.0,
308,,2020-02-12,0,0,FR,France,FR,432.0,
309,,2020-04-15,5497,762,FR,France,FR,432.0,
310,,2020-04-26,1537,369,FR,France,FR,432.0,
311,,2020-01-09,0,0,FR,France,FR,432.0,
312,236.0,2020-03-24,3838,186,FR,France,FR,432.0,-196.0
313,443.0,2019-11-12,0,0,FR,France,FR,432.0,11.0
314,459.0,2019-12-24,0,0,FR,France,FR,432.0,27.0
315,,2020-01-19,0,0,FR,France,FR,432.0,
316,,2020-02-13,0,0,FR,France,FR,432.0,
317,,2020-02-10,0,0,FR,France,FR,432.0,
318,,2020-03-20,1861,128,FR,France,FR,432.0,
319,416.0,2019-12-17,0,0,FR,France,FR,432.0,-16.0
320,,2020-01-04,0,0,FR,France,FR,432.0,
321,345.0,2020-01-28,0,0,FR,France,FR,432.0,-87.0
322,,2020-02-09,0,0,FR,France,FR,432.0,
323,331.0,2020-05-05,576,306,FR,France,FR,432.0,-101.0
324,,2020-03-13,595,13,FR,France,FR,432.0,
325,,2020-02-28,21,0,FR,France,FR,432.0,
326,,2020-04-27,461,242,FR,France,FR,432.0,
327,,2020-02-26,2,0,FR,France,FR,432.0,
328,345.0,2020-03-17,1210,21,FR,France,FR,432.0,-87.0
329,,2020-05-20,524,-217,FR,France,FR,432.0,
330,,2020-03-04,34,1,FR,France,FR,432.0,
331,,2020-05-19,492,131,FR,France,FR,432.0,
332,,2020-04-19,2569,642,FR,France,FR,432.0,
333,,2020-04-24,1653,516,FR,France,FR,432.0,
334,,2020-02-07,0,0,FR,France,FR,432.0,
335,,2020-02-03,0,0,FR,France,FR,432.0,
336,,2020-01-08,0,0,FR,France,FR,432.0,
337,,2020-04-25,1773,389,FR,France,FR,432.0,
338,,2020-03-19,1404,69,FR,France,FR,432.0,
339,,2020-03-22,1847,112,FR,France,FR,432.0,
340,,2020-05-04,308,135,FR,France,FR,432.0,
341,,2020-03-25,2446,240,FR,France,FR,432.0,
342,,2020-04-18,405,761,FR,France,FR,432.0,
343,413.0,2020-02-25,0,0,FR,France,FR,432.0,-19.0
344,,2020-05-09,642,243,FR,France,FR,432.0,
345,364.0,2020-03-10,286,11,FR,France,FR,432.0,-68.0
346,,2020-04-04,5233,2004,FR,France,FR,432.0,
347,,2020-05-14,507,83,FR,France,FR,432.0,
348,,2020-01-03,0,0,FR,France,FR,432.0,
349,,2020-04-03,2116,471,FR,France,FR,432.0,
350,352.0,2019-11-26,0,0,FR,France,FR,432.0,-80.0
351,,2020-02-15,0,1,FR,France,FR,432.0,
352,,2020-03-01,43,0,FR,France,FR,432.0,
353,,2020-01-27,0,0,FR,France,FR,432.0,
354,,2020-03-06,138,3,FR,France,FR,432.0,
355,,2020-03-21,1617,78,FR,France,FR,432.0,
356,,2020-04-05,4267,1053,FR,France,FR,432.0,
357,,2020-03-12,497,15,FR,France,FR,432.0,
358,,2020-04-02,4861,509,FR,France,FR,432.0,
359,,2020-04-09,3881,541,FR,France,FR,432.0,
360,,2020-02-20,0,0,FR,France,FR,432.0,
361,384.0,2019-10-22,0,0,FR,France,FR,432.0,-48.0
362,,2020-04-23,1827,544,FR,France,FR,432.0,
363,331.0,2020-05-12,456,263,FR,France,FR,432.0,-101.0
364,,2020-01-20,0,0,FR,France,FR,432.0,
365,,2020-01-30,1,0,FR,France,FR,432.0,
366,,2020-01-22,0,0,FR,France,FR,432.0,
367,,2020-01-12,0,0,FR,France,FR,432.0,
368,,2020-02-05,0,0,FR,France,FR,432.0,
369,,2020-03-26,2931,231,FR,France,FR,432.0,
370,,2020-03-27,3922,365,FR,France,FR,432.0,
371,,2020-01-31,1,0,FR,France,FR,432.0,
372,,2020-01-23,0,0,FR,France,FR,432.0,
373,,2020-02-23,0,0,FR,France,FR,432.0,
374,,2020-03-16,924,36,FR,France,FR,432.0,
375,,2020-03-09,410,9,FR,France,FR,432.0,
376,,2020-01-01,0,0,FR,France,FR,432.0,
377,,2020-02-14,0,0,FR,France,FR,432.0,
378,,2020-03-29,4611,319,FR,France,FR,432.0,
379,,2020-02-02,0,0,FR,France,FR,432.0,
380,516.0,2019-11-19,0,0,FR,France,FR,432.0,84.0
381,,2020-03-14,785,18,FR,France,FR,432.0,
382,,2020-05-02,604,218,FR,France,FR,432.0,
383,,2020-03-02,30,0,FR,France,FR,432.0,
384,347.0,2020-01-21,0,0,FR,France,FR,432.0,-85.0
385,496.0,2019-12-31,0,0,FR,France,FR,432.0,64.0
386,,2020-01-06,0,0,FR,France,FR,432.0,
387,,2020-02-08,5,0,FR,France,FR,432.0,
388,,2020-01-13,0,0,FR,France,FR,432.0,
389,,2020-04-16,2633,1438,FR,France,FR,432.0,
390,,2020-01-18,0,0,FR,France,FR,432.0,
391,354.0,2020-02-04,0,0,FR,France,FR,432.0,-78.0
392,,2020-05-13,708,348,FR,France,FR,432.0,
393,,2020-04-08,3777,1417,FR,France,FR,432.0,
394,,2020-02-22,0,0,FR,France,FR,432.0,
395,,2020-01-16,0,0,FR,France,FR,432.0,
396,,2020-01-24,0,0,FR,France,FR,432.0,
397,,2020-01-26,0,0,FR,France,FR,432.0,
398,,2020-03-23,1559,112,FR,France,FR,432.0,
399,,2020-02-24,0,0,FR,France,FR,432.0,
400,,2020-05-08,629,178,FR,France,FR,432.0,
401,,2020-03-08,103,1,FR,France,FR,432.0,
402,248.0,2020-03-31,4376,418,FR,France,FR,432.0,-184.0
403,,2020-04-13,1613,561,FR,France,FR,432.0,
404,,2020-03-15,838,12,FR,France,FR,432.0,
405,,2020-04-30,143,28,CH,Switzerland,CH,163.0,
406,,2020-02-06,0,0,CH,Switzerland,CH,163.0,
407,,2020-03-27,1000,58,CH,Switzerland,CH,163.0,
408,,2020-02-22,0,0,CH,Switzerland,CH,163.0,
409,,2020-03-29,1048,38,CH,Switzerland,CH,163.0,
410,,2020-02-07,0,0,CH,Switzerland,CH,163.0,
411,,2020-02-24,0,0,CH,Switzerland,CH,163.0,
412,123.0,2020-03-03,6,0,CH,Switzerland,CH,163.0,-40.0
413,,2020-02-12,0,0,CH,Switzerland,CH,163.0,
414,,2020-02-23,0,0,CH,Switzerland,CH,163.0,
415,,2020-01-20,0,0,CH,Switzerland,CH,163.0,
416,133.0,2019-12-10,0,0,CH,Switzerland,CH,163.0,-30.0
417,,2020-05-09,81,8,CH,Switzerland,CH,163.0,
418,,2020-04-27,167,8,CH,Switzerland,CH,163.0,
419,,2020-02-02,0,0,CH,Switzerland,CH,163.0,
420,,2020-04-16,583,73,CH,Switzerland,CH,163.0,
421,,2020-02-09,0,0,CH,Switzerland,CH,163.0,
422,,2020-01-04,0,0,CH,Switzerland,CH,163.0,
423,,2020-05-13,36,18,CH,Switzerland,CH,163.0,
424,,2020-01-29,0,0,CH,Switzerland,CH,163.0,
425,,2020-02-29,4,0,CH,Switzerland,CH,163.0,
426,,2020-03-12,152,1,CH,Switzerland,CH,163.0,
427,,2020-05-14,33,3,CH,Switzerland,CH,163.0,
428,150.0,2020-05-12,39,5,CH,Switzerland,CH,163.0,-13.0
429,,2020-01-02,0,0,CH,Switzerland,CH,163.0,
430,,2020-03-26,925,17,CH,Switzerland,CH,163.0,
431,,2020-04-05,974,56,CH,Switzerland,CH,163.0,
432,110.0,2020-04-14,279,0,CH,Switzerland,CH,163.0,-53.0
433,,2020-01-16,0,0,CH,Switzerland,CH,163.0,
434,,2020-01-17,0,0,CH,Switzerland,CH,163.0,
435,,2020-05-19,10,0,CH,Switzerland,CH,163.0,
436,,2020-02-08,0,0,CH,Switzerland,CH,163.0,
437,175.0,2020-01-14,0,0,CH,Switzerland,CH,163.0,12.0
438,,2020-04-06,821,19,CH,Switzerland,CH,163.0,
439,,2020-03-08,55,0,CH,Switzerland,CH,163.0,
440,118.0,2020-01-21,0,0,CH,Switzerland,CH,163.0,-45.0
441,142.0,2019-12-17,0,0,CH,Switzerland,CH,163.0,-21.0
442,143.0,2019-12-24,0,0,CH,Switzerland,CH,163.0,-20.0
443,,2020-03-20,878,12,CH,Switzerland,CH,163.0,
444,,2020-03-04,7,0,CH,Switzerland,CH,163.0,
445,,2020-01-05,0,0,CH,Switzerland,CH,163.0,
446,,2020-01-18,0,0,CH,Switzerland,CH,163.0,
447,,2020-02-15,0,0,CH,Switzerland,CH,163.0,
448,,2020-03-11,116,1,CH,Switzerland,CH,163.0,
449,,2020-04-08,590,57,CH,Switzerland,CH,163.0,
450,176.0,2019-11-12,0,0,CH,Switzerland,CH,163.0,13.0
451,,2020-03-28,1390,36,CH,Switzerland,CH,163.0,
452,145.0,2019-10-22,0,0,CH,Switzerland,CH,163.0,-18.0
453,136.0,2020-05-05,76,4,CH,Switzerland,CH,163.0,-27.0
454,,2020-02-03,0,0,CH,Switzerland,CH,163.0,
455,,2020-05-10,44,6,CH,Switzerland,CH,163.0,
456,,2020-01-09,0,0,CH,Switzerland,CH,163.0,
457,,2020-05-16,51,6,CH,Switzerland,CH,163.0,
458,137.0,2020-01-28,0,0,CH,Switzerland,CH,163.0,-26.0
459,,2020-04-17,315,43,CH,Switzerland,CH,163.0,
460,,2020-04-25,181,41,CH,Switzerland,CH,163.0,
461,,2020-05-08,66,13,CH,Switzerland,CH,163.0,
462,,2020-02-19,0,0,CH,Switzerland,CH,163.0,
463,,2020-02-27,0,0,CH,Switzerland,CH,163.0,
464,,2020-02-10,0,0,CH,Switzerland,CH,163.0,
465,,2020-02-26,1,0,CH,Switzerland,CH,163.0,
466,,2020-04-29,100,27,CH,Switzerland,CH,163.0,
467,,2020-01-15,0,0,CH,Switzerland,CH,163.0,
468,143.0,2020-03-10,42,0,CH,Switzerland,CH,163.0,-20.0
469,,2020-03-22,1237,13,CH,Switzerland,CH,163.0,
470,,2020-04-03,1124,54,CH,Switzerland,CH,163.0,
471,,2020-01-26,0,0,CH,Switzerland,CH,163.0,
472,113.0,2020-04-21,168,7,CH,Switzerland,CH,163.0,-50.0
473,,2020-03-19,360,2,CH,Switzerland,CH,163.0,
474,144.0,2019-11-26,0,0,CH,Switzerland,CH,163.0,-19.0
475,,2020-01-30,0,0,CH,Switzerland,CH,163.0,
476,,2020-02-21,0,0,CH,Switzerland,CH,163.0,
477,,2020-04-04,1033,52,CH,Switzerland,CH,163.0,
478,,2020-05-03,112,32,CH,Switzerland,CH,163.0,
479,,2020-01-13,0,0,CH,Switzerland,CH,163.0,
480,,2020-01-25,0,0,CH,Switzerland,CH,163.0,
481,,2020-01-27,0,0,CH,Switzerland,CH,163.0,
482,147.0,2019-10-15,0,0,CH,Switzerland,CH,163.0,-16.0
483,168.0,2020-01-07,0,0,CH,Switzerland,CH,163.0,5.0
484,,2020-04-01,696,78,CH,Switzerland,CH,163.0,
485,,2020-01-06,0,0,CH,Switzerland,CH,163.0,
486,,2020-05-17,58,7,CH,Switzerland,CH,163.0,
487,167.0,2019-10-29,0,0,CH,Switzerland,CH,163.0,4.0
488,149.0,2019-12-31,0,0,CH,Switzerland,CH,163.0,-14.0
489,122.0,2020-04-28,103,16,CH,Switzerland,CH,163.0,-41.0
490,,2020-03-25,774,20,CH,Switzerland,CH,163.0,
491,,2020-02-20,0,0,CH,Switzerland,CH,163.0,
492,,2020-03-18,450,5,CH,Switzerland,CH,163.0,
493,108.0,2020-03-31,1138,38,CH,Switzerland,CH,163.0,-55.0
494,,2020-05-02,119,12,CH,Switzerland,CH,163.0,
495,,2020-04-13,400,27,CH,Switzerland,CH,163.0,
496,,2020-04-15,254,42,CH,Switzerland,CH,163.0,
497,,2020-02-16,0,0,CH,Switzerland,CH,163.0,
498,,2020-03-01,6,0,CH,Switzerland,CH,163.0,
499,,2020-05-15,50,25,CH,Switzerland,CH,163.0,
500,,2020-02-01,0,0,CH,Switzerland,CH,163.0,
501,,2020-01-10,0,0,CH,Switzerland,CH,163.0,
502,144.0,2020-02-04,0,0,CH,Switzerland,CH,163.0,-19.0
503,,2020-01-19,0,0,CH,Switzerland,CH,163.0,
504,,2020-01-03,0,0,CH,Switzerland,CH,163.0,
505,,2020-01-31,0,0,CH,Switzerland,CH,163.0,
506,,2020-02-14,0,0,CH,Switzerland,CH,163.0,
507,156.0,2019-12-03,0,0,CH,Switzerland,CH,163.0,-7.0
508,,2020-05-06,28,6,CH,Switzerland,CH,163.0,
509,,2020-02-17,0,0,CH,Switzerland,CH,163.0,
510,,2020-03-16,841,2,CH,Switzerland,CH,163.0,
511,,2020-03-30,1122,22,CH,Switzerland,CH,163.0,
512,,2020-04-02,962,5,CH,Switzerland,CH,163.0,
513,182.0,2019-11-19,0,0,CH,Switzerland,CH,163.0,19.0
514,,2020-02-28,7,0,CH,Switzerland,CH,163.0,
515,,2020-04-09,546,64,CH,Switzerland,CH,163.0,
516,150.0,2020-02-25,0,0,CH,Switzerland,CH,163.0,-13.0
517,,2020-04-20,336,24,CH,Switzerland,CH,163.0,
518,,2020-01-11,0,0,CH,Switzerland,CH,163.0,
519,,2020-04-10,785,51,CH,Switzerland,CH,163.0,
520,,2020-05-18,15,1,CH,Switzerland,CH,163.0,
521,,2020-03-15,238,4,CH,Switzerland,CH,163.0,
522,127.0,2020-03-17,0,1,CH,Switzerland,CH,163.0,-36.0
523,120.0,2020-04-07,552,25,CH,Switzerland,CH,163.0,-43.0
524,,2020-03-05,20,0,CH,Switzerland,CH,163.0,
525,,2020-04-24,228,51,CH,Switzerland,CH,163.0,
526,,2020-02-05,0,0,CH,Switzerland,CH,163.0,
527,,2020-05-11,54,6,CH,Switzerland,CH,163.0,
528,,2020-04-18,346,42,CH,Switzerland,CH,163.0,
529,,2020-01-08,0,0,CH,Switzerland,CH,163.0,
530,161.0,2019-11-05,0,0,CH,Switzerland,CH,163.0,-2.0
531,,2020-03-06,30,1,CH,Switzerland,CH,163.0,
532,,2020-03-14,267,3,CH,Switzerland,CH,163.0,
533,,2020-05-07,51,22,CH,Switzerland,CH,163.0,
534,,2020-03-02,6,0,CH,Switzerland,CH,163.0,
535,,2020-03-09,68,1,CH,Switzerland,CH,163.0,
536,,2020-01-12,0,0,CH,Switzerland,CH,163.0,
537,99.0,2020-03-24,1044,6,CH,Switzerland,CH,163.0,-64.0
538,,2020-05-04,88,6,CH,Switzerland,CH,163.0,
539,,2020-02-13,0,0,CH,Switzerland,CH,163.0,
540,,2020-03-21,952,10,CH,Switzerland,CH,163.0,
541,,2020-05-01,179,15,CH,Switzerland,CH,163.0,
542,,2020-03-13,212,0,CH,Switzerland,CH,163.0,
543,,2020-01-24,0,0,CH,Switzerland,CH,163.0,
544,,2020-01-23,0,0,CH,Switzerland,CH,163.0,
545,,2020-01-22,0,0,CH,Switzerland,CH,163.0,
546,,2020-03-07,122,0,CH,Switzerland,CH,163.0,
547,,2020-04-26,216,20,CH,Switzerland,CH,163.0,
548,,2020-01-01,0,0,CH,Switzerland,CH,163.0,
549,,2020-04-12,592,26,CH,Switzerland,CH,163.0,
550,129.0,2020-02-18,0,0,CH,Switzerland,CH,163.0,-34.0
551,,2020-03-23,894,4,CH,Switzerland,CH,163.0,
552,,2020-04-23,205,30,CH,Switzerland,CH,163.0,
553,136.0,2020-02-11,0,0,CH,Switzerland,CH,163.0,-27.0
554,,2020-05-20,21,11,CH,Switzerland,CH,163.0,
555,,2020-04-11,733,49,CH,Switzerland,CH,163.0,
556,,2020-04-19,325,52,CH,Switzerland,CH,163.0,
557,,2020-04-22,155,45,CH,Switzerland,CH,163.0,
558,396.0,2020-03-31,2619,374,UK,United_Kingdom,UK,585.0,-189.0
559,,2020-03-29,2546,294,UK,United_Kingdom,UK,585.0,
560,,2020-03-04,11,0,UK,United_Kingdom,UK,585.0,
561,,2020-03-06,30,0,UK,United_Kingdom,UK,585.0,
562,,2020-05-15,3446,428,UK,United_Kingdom,UK,585.0,
563,501.0,2020-02-25,0,0,UK,United_Kingdom,UK,585.0,-84.0
564,,2020-01-06,0,0,UK,United_Kingdom,UK,585.0,
565,,2020-02-10,0,0,UK,United_Kingdom,UK,585.0,
566,,2020-04-13,5288,686,UK,United_Kingdom,UK,585.0,
567,,2020-02-20,0,0,UK,United_Kingdom,UK,585.0,
568,,2020-05-04,4339,315,UK,United_Kingdom,UK,585.0,
569,,2020-05-16,3560,384,UK,United_Kingdom,UK,585.0,
570,1175.0,2019-12-31,0,0,UK,United_Kingdom,UK,585.0,590.0
571,470.0,2020-03-17,152,22,UK,United_Kingdom,UK,585.0,-115.0
572,768.0,2019-11-19,0,0,UK,United_Kingdom,UK,585.0,183.0
573,,2020-04-09,5491,1034,UK,United_Kingdom,UK,585.0,
574,481.0,2019-12-17,0,0,UK,United_Kingdom,UK,585.0,-104.0
575,,2020-01-17,0,0,UK,United_Kingdom,UK,585.0,
576,,2020-01-23,0,0,UK,United_Kingdom,UK,585.0,
577,,2020-03-01,5,0,UK,United_Kingdom,UK,585.0,
578,,2020-02-05,0,0,UK,United_Kingdom,UK,585.0,
579,,2020-02-15,0,0,UK,United_Kingdom,UK,585.0,
580,447.0,2019-11-26,0,0,UK,United_Kingdom,UK,585.0,-138.0
581,,2020-01-13,0,0,UK,United_Kingdom,UK,585.0,
582,,2020-02-23,0,0,UK,United_Kingdom,UK,585.0,
583,,2020-01-24,0,0,UK,United_Kingdom,UK,585.0,
584,515.0,2019-10-22,0,0,UK,United_Kingdom,UK,585.0,-70.0
585,,2020-05-03,4806,621,UK,United_Kingdom,UK,585.0,
586,,2020-02-26,0,0,UK,United_Kingdom,UK,585.0,
587,,2020-03-08,43,1,UK,United_Kingdom,UK,585.0,
588,,2020-04-29,3996,909,UK,United_Kingdom,UK,585.0,
589,,2020-01-12,0,0,UK,United_Kingdom,UK,585.0,
590,,2020-01-10,0,0,UK,United_Kingdom,UK,585.0,
591,,2020-02-27,0,0,UK,United_Kingdom,UK,585.0,
592,,2020-01-16,0,0,UK,United_Kingdom,UK,585.0,
593,,2020-02-16,0,0,UK,United_Kingdom,UK,585.0,
594,,2020-02-24,4,0,UK,United_Kingdom,UK,585.0,
595,,2020-03-15,433,18,UK,United_Kingdom,UK,585.0,
596,592.0,2019-11-05,0,0,UK,United_Kingdom,UK,585.0,7.0
597,,2020-01-04,0,0,UK,United_Kingdom,UK,585.0,
598,,2020-02-07,1,0,UK,United_Kingdom,UK,585.0,
599,440.0,2020-01-28,0,0,UK,United_Kingdom,UK,585.0,-145.0
600,,2020-02-29,2,0,UK,United_Kingdom,UK,585.0,
601,,2020-04-02,4324,670,UK,United_Kingdom,UK,585.0,
602,,2020-01-18,0,0,UK,United_Kingdom,UK,585.0,
603,,2020-01-03,0,0,UK,United_Kingdom,UK,585.0,
604,,2020-01-26,0,0,UK,United_Kingdom,UK,585.0,
605,,2020-04-24,4583,727,UK,United_Kingdom,UK,585.0,
606,442.0,2020-02-11,4,0,UK,United_Kingdom,UK,585.0,-143.0
607,428.0,2020-03-03,4,0,UK,United_Kingdom,UK,585.0,-157.0
608,,2020-05-07,6211,649,UK,United_Kingdom,UK,585.0,
609,,2020-01-29,0,0,UK,United_Kingdom,UK,585.0,
610,,2020-01-19,0,0,UK,United_Kingdom,UK,585.0,
611,,2020-02-12,0,0,UK,United_Kingdom,UK,585.0,
612,,2020-04-25,5386,1005,UK,United_Kingdom,UK,585.0,
613,,2020-04-15,5252,1044,UK,United_Kingdom,UK,585.0,
614,,2020-02-19,0,0,UK,United_Kingdom,UK,585.0,
615,,2020-04-10,4344,1103,UK,United_Kingdom,UK,585.0,
616,,2020-02-08,0,0,UK,United_Kingdom,UK,585.0,
617,,2020-02-28,3,0,UK,United_Kingdom,UK,585.0,
618,461.0,2020-04-14,4342,744,UK,United_Kingdom,UK,585.0,-124.0
619,,2020-05-08,5514,539,UK,United_Kingdom,UK,585.0,
620,,2020-01-09,0,0,UK,United_Kingdom,UK,585.0,
621,,2020-03-21,706,36,UK,United_Kingdom,UK,585.0,
622,,2020-02-17,0,0,UK,United_Kingdom,UK,585.0,
623,,2020-01-30,0,0,UK,United_Kingdom,UK,585.0,
624,,2020-02-01,0,0,UK,United_Kingdom,UK,585.0,
625,,2020-02-21,0,0,UK,United_Kingdom,UK,585.0,
626,,2020-03-23,665,35,UK,United_Kingdom,UK,585.0,
627,,2020-04-16,4603,842,UK,United_Kingdom,UK,585.0,
628,,2020-03-26,1452,186,UK,United_Kingdom,UK,585.0,
629,,2020-01-22,0,0,UK,United_Kingdom,UK,585.0,
630,,2020-03-05,34,0,UK,United_Kingdom,UK,585.0,
631,610.0,2019-12-24,0,0,UK,United_Kingdom,UK,585.0,25.0
632,,2020-02-14,0,0,UK,United_Kingdom,UK,585.0,
633,,2020-01-05,0,0,UK,United_Kingdom,UK,585.0,
634,,2020-03-22,1035,56,UK,United_Kingdom,UK,585.0,
635,,2020-01-20,0,0,UK,United_Kingdom,UK,585.0,
636,,2020-02-09,1,0,UK,United_Kingdom,UK,585.0,
637,460.0,2020-02-18,0,0,UK,United_Kingdom,UK,585.0,-125.0
638,460.0,2019-10-15,0,0,UK,United_Kingdom,UK,585.0,-125.0
639,,2020-03-25,1427,149,UK,United_Kingdom,UK,585.0,
640,,2020-04-08,3634,1038,UK,United_Kingdom,UK,585.0,
641,,2020-01-31,2,0,UK,United_Kingdom,UK,585.0,
642,559.0,2020-01-07,0,0,UK,United_Kingdom,UK,585.0,-26.0
643,,2020-05-01,6032,674,UK,United_Kingdom,UK,585.0,
644,479.0,2020-05-05,3985,288,UK,United_Kingdom,UK,585.0,-106.0
645,532.0,2019-12-03,0,0,UK,United_Kingdom,UK,585.0,-53.0
646,,2020-05-20,2412,545,UK,United_Kingdom,UK,585.0,
647,680.0,2020-02-04,0,0,UK,United_Kingdom,UK,585.0,95.0
648,,2020-01-11,0,0,UK,United_Kingdom,UK,585.0,
649,,2020-03-12,83,0,UK,United_Kingdom,UK,585.0,
650,,2020-03-20,647,43,UK,United_Kingdom,UK,585.0,
651,,2020-04-30,4076,795,UK,United_Kingdom,UK,585.0,
652,,2020-05-02,6201,739,UK,United_Kingdom,UK,585.0,
653,,2020-01-08,0,0,UK,United_Kingdom,UK,585.0,
654,,2020-03-09,67,0,UK,United_Kingdom,UK,585.0,
655,,2020-03-11,52,4,UK,United_Kingdom,UK,585.0,
656,,2020-05-06,4406,693,UK,United_Kingdom,UK,585.0,
657,424.0,2020-04-07,3802,568,UK,United_Kingdom,UK,585.0,-161.0
658,,2020-04-12,8719,839,UK,United_Kingdom,UK,585.0,
659,513.0,2020-05-12,3877,210,UK,United_Kingdom,UK,585.0,-72.0
660,,2020-05-14,3242,494,UK,United_Kingdom,UK,585.0,
661,,2020-02-03,0,0,UK,United_Kingdom,UK,585.0,
662,584.0,2019-10-29,0,0,UK,United_Kingdom,UK,585.0,-1.0
663,,2020-02-02,0,0,UK,United_Kingdom,UK,585.0,
664,,2020-02-06,0,0,UK,United_Kingdom,UK,585.0,
665,446.0,2019-12-10,0,0,UK,United_Kingdom,UK,585.0,-139.0
666,614.0,2020-01-14,0,0,UK,United_Kingdom,UK,585.0,29.0
667,455.0,2020-03-10,48,1,UK,United_Kingdom,UK,585.0,-130.0
668,357.0,2020-04-21,4676,559,UK,United_Kingdom,UK,585.0,-228.0
669,,2020-02-22,0,0,UK,United_Kingdom,UK,585.0,
670,,2020-03-13,134,2,UK,United_Kingdom,UK,585.0,
671,,2020-01-15,0,0,UK,United_Kingdom,UK,585.0,
672,,2020-03-28,2885,284,UK,United_Kingdom,UK,585.0,
673,,2020-04-06,5903,644,UK,United_Kingdom,UK,585.0,
674,,2020-01-27,0,0,UK,United_Kingdom,UK,585.0,
675,,2020-03-19,680,34,UK,United_Kingdom,UK,585.0,
676,,2020-03-18,407,16,UK,United_Kingdom,UK,585.0,
677,,2020-04-04,4450,714,UK,United_Kingdom,UK,585.0,
678,,2020-05-10,3896,346,UK,United_Kingdom,UK,585.0,
679,,2020-04-17,4617,1029,UK,United_Kingdom,UK,585.0,
680,,2020-01-25,0,0,UK,United_Kingdom,UK,585.0,
681,334.0,2020-03-24,967,74,UK,United_Kingdom,UK,585.0,-251.0
682,,2020-03-02,13,0,UK,United_Kingdom,UK,585.0,
683,,2020-04-27,4463,420,UK,United_Kingdom,UK,585.0,
684,,2020-01-02,0,0,UK,United_Kingdom,UK,585.0,
685,,2020-01-01,0,0,UK,United_Kingdom,UK,585.0,
686,,2020-02-13,1,0,UK,United_Kingdom,UK,585.0,
687,,2020-05-17,3450,468,UK,United_Kingdom,UK,585.0,
688,,2020-05-19,2711,160,UK,United_Kingdom,UK,585.0,
689,,2020-04-20,5850,498,UK,United_Kingdom,UK,585.0,
690,,2020-05-18,3534,170,UK,United_Kingdom,UK,585.0,
691,,2020-03-16,251,15,UK,United_Kingdom,UK,585.0,
692,,2020-04-23,4451,837,UK,United_Kingdom,UK,585.0,
693,,2020-03-07,48,1,UK,United_Kingdom,UK,585.0,
694,447.0,2020-01-21,0,0,UK,United_Kingdom,UK,585.0,-138.0
695,,2020-04-03,4244,652,UK,United_Kingdom,UK,585.0,
696,,2020-04-05,3735,760,UK,United_Kingdom,UK,585.0,
697,,2020-05-11,3923,268,UK,United_Kingdom,UK,585.0,
698,670.0,2019-11-12,0,0,UK,United_Kingdom,UK,585.0,85.0
699,,2020-05-13,3403,627,UK,United_Kingdom,UK,585.0,
700,,2020-03-27,2129,183,UK,United_Kingdom,UK,585.0,
701,,2020-03-14,117,1,UK,United_Kingdom,UK,585.0,
702,,2020-04-22,4301,1172,UK,United_Kingdom,UK,585.0,
703,,2020-04-19,5525,1115,UK,United_Kingdom,UK,585.0,
704,,2020-04-01,3009,382,UK,United_Kingdom,UK,585.0,
705,,2020-03-30,2433,214,UK,United_Kingdom,UK,585.0,
706,,2020-04-11,5195,1152,UK,United_Kingdom,UK,585.0,
707,,2020-05-09,4649,626,UK,United_Kingdom,UK,585.0,
708,,2020-04-26,4913,843,UK,United_Kingdom,UK,585.0,
709,422.0,2020-04-28,4309,338,UK,United_Kingdom,UK,585.0,-163.0
710,,2020-04-18,5599,935,UK,United_Kingdom,UK,585.0,
711,,2020-04-18,709,44,IE,Ireland,IE,63.0,
712,,2020-01-30,0,0,IE,Ireland,IE,63.0,
713,,2020-03-23,121,1,IE,Ireland,IE,63.0,
714,,2020-01-03,0,0,IE,Ireland,IE,63.0,
715,,2020-04-15,832,41,IE,Ireland,IE,63.0,
716,57.0,2020-05-12,139,9,IE,Ireland,IE,63.0,-6.0
717,,2020-02-21,0,0,IE,Ireland,IE,63.0,
718,,2020-05-15,426,9,IE,Ireland,IE,63.0,
719,,2020-04-04,424,22,IE,Ireland,IE,63.0,
720,,2020-02-22,0,0,IE,Ireland,IE,63.0,
721,,2020-01-23,0,0,IE,Ireland,IE,63.0,
722,,2020-04-08,345,36,IE,Ireland,IE,63.0,
723,56.0,2020-02-18,0,0,IE,Ireland,IE,63.0,-7.0
724,49.0,2020-01-28,0,0,IE,Ireland,IE,63.0,-14.0
725,,2020-01-16,0,0,IE,Ireland,IE,63.0,
726,49.0,2019-11-26,0,0,IE,Ireland,IE,63.0,-14.0
727,,2020-04-26,377,234,IE,Ireland,IE,63.0,
728,43.0,2020-04-21,401,77,IE,Ireland,IE,63.0,-20.0
729,55.0,2019-10-29,0,0,IE,Ireland,IE,63.0,-8.0
730,,2020-02-02,0,0,IE,Ireland,IE,63.0,
731,,2020-05-02,221,33,IE,Ireland,IE,63.0,
732,,2020-03-06,7,0,IE,Ireland,IE,63.0,
733,,2020-01-20,0,0,IE,Ireland,IE,63.0,
734,,2020-02-06,0,0,IE,Ireland,IE,63.0,
735,51.0,2020-02-11,0,0,IE,Ireland,IE,63.0,-12.0
736,,2020-05-07,265,36,IE,Ireland,IE,63.0,
737,64.0,2019-11-05,0,0,IE,Ireland,IE,63.0,1.0
738,,2020-01-05,0,0,IE,Ireland,IE,63.0,
739,,2020-05-08,137,28,IE,Ireland,IE,63.0,
740,,2020-05-17,92,15,IE,Ireland,IE,63.0,
741,,2020-03-16,40,0,IE,Ireland,IE,63.0,
742,,2020-04-24,936,25,IE,Ireland,IE,63.0,
743,55.0,2020-02-25,0,0,IE,Ireland,IE,63.0,-8.0
744,,2020-03-12,8,1,IE,Ireland,IE,63.0,
745,48.0,2020-04-28,386,15,IE,Ireland,IE,63.0,-15.0
746,,2020-02-20,0,0,IE,Ireland,IE,63.0,
747,,2020-02-23,0,0,IE,Ireland,IE,63.0,
748,,2020-03-08,1,0,IE,Ireland,IE,63.0,
749,,2020-04-06,507,21,IE,Ireland,IE,63.0,
750,,2020-05-14,159,9,IE,Ireland,IE,63.0,
751,,2020-01-04,0,0,IE,Ireland,IE,63.0,
752,,2020-02-13,0,0,IE,Ireland,IE,63.0,
753,,2020-01-29,0,0,IE,Ireland,IE,63.0,
754,,2020-05-09,156,26,IE,Ireland,IE,63.0,
755,,2020-04-10,1169,28,IE,Ireland,IE,63.0,
756,,2020-05-20,51,14,IE,Ireland,IE,63.0,
757,,2020-01-01,0,0,IE,Ireland,IE,63.0,
758,,2020-01-06,0,0,IE,Ireland,IE,63.0,
759,52.0,2020-03-10,0,0,IE,Ireland,IE,63.0,-11.0
760,,2020-03-18,69,0,IE,Ireland,IE,63.0,
761,,2020-05-10,219,17,IE,Ireland,IE,63.0,
762,,2020-03-27,255,10,IE,Ireland,IE,63.0,
763,,2020-03-30,200,10,IE,Ireland,IE,63.0,
764,,2020-03-26,235,2,IE,Ireland,IE,63.0,
765,,2020-05-13,107,21,IE,Ireland,IE,63.0,
766,,2020-05-19,88,4,IE,Ireland,IE,63.0,
767,49.0,2019-12-10,0,0,IE,Ireland,IE,63.0,-14.0
768,,2020-02-03,0,0,IE,Ireland,IE,63.0,
769,,2020-04-27,701,24,IE,Ireland,IE,63.0,
770,,2020-03-01,1,0,IE,Ireland,IE,63.0,
771,,2020-03-11,14,0,IE,Ireland,IE,63.0,
772,49.0,2020-04-07,253,16,IE,Ireland,IE,63.0,-14.0
773,51.0,2020-01-21,0,0,IE,Ireland,IE,63.0,-12.0
774,,2020-01-24,0,0,IE,Ireland,IE,63.0,
775,,2020-03-05,4,0,IE,Ireland,IE,63.0,
776,42.0,2020-03-31,295,8,IE,Ireland,IE,63.0,-21.0
777,55.0,2019-10-15,0,0,IE,Ireland,IE,63.0,-8.0
778,,2020-01-02,0,0,IE,Ireland,IE,63.0,
779,,2020-02-09,0,0,IE,Ireland,IE,63.0,
780,49.0,2020-05-05,216,16,IE,Ireland,IE,63.0,-14.0
781,,2020-01-08,0,0,IE,Ireland,IE,63.0,
782,,2020-01-18,0,0,IE,Ireland,IE,63.0,
783,,2020-04-22,388,43,IE,Ireland,IE,63.0,
784,,2020-03-04,1,0,IE,Ireland,IE,63.0,
785,,2020-04-05,331,17,IE,Ireland,IE,63.0,
786,,2020-02-26,0,0,IE,Ireland,IE,63.0,
787,56.0,2019-10-22,0,0,IE,Ireland,IE,63.0,-7.0
788,,2020-02-24,0,0,IE,Ireland,IE,63.0,
789,,2020-04-19,778,41,IE,Ireland,IE,63.0,
790,,2020-05-18,64,10,IE,Ireland,IE,63.0,
791,,2020-02-16,0,0,IE,Ireland,IE,63.0,
792,55.0,2020-04-14,992,31,IE,Ireland,IE,63.0,-8.0
793,,2020-02-10,0,0,IE,Ireland,IE,63.0,
794,,2020-03-09,2,0,IE,Ireland,IE,63.0,
795,,2020-01-11,0,0,IE,Ireland,IE,63.0,
796,,2020-01-15,0,0,IE,Ireland,IE,63.0,
797,,2020-02-14,0,0,IE,Ireland,IE,63.0,
798,,2020-03-21,126,0,IE,Ireland,IE,63.0,
799,,2020-02-19,0,0,IE,Ireland,IE,63.0,
800,55.0,2020-01-07,0,0,IE,Ireland,IE,63.0,-8.0
801,,2020-02-07,0,0,IE,Ireland,IE,63.0,
802,,2020-03-13,27,0,IE,Ireland,IE,63.0,
803,,2020-01-25,0,0,IE,Ireland,IE,63.0,
804,,2020-04-09,515,25,IE,Ireland,IE,63.0,
805,,2020-03-20,191,1,IE,Ireland,IE,63.0,
806,,2020-04-12,839,33,IE,Ireland,IE,63.0,
807,,2020-02-12,0,0,IE,Ireland,IE,63.0,
808,,2020-04-03,402,13,IE,Ireland,IE,63.0,
809,,2020-02-27,0,0,IE,Ireland,IE,63.0,
810,70.0,2019-11-12,0,0,IE,Ireland,IE,63.0,7.0
811,65.0,2020-01-14,0,0,IE,Ireland,IE,63.0,2.0
812,,2020-05-03,343,0,IE,Ireland,IE,63.0,
813,,2020-04-11,696,24,IE,Ireland,IE,63.0,
814,,2020-05-06,261,20,IE,Ireland,IE,63.0,
815,,2020-03-29,294,14,IE,Ireland,IE,63.0,
816,,2020-02-05,0,0,IE,Ireland,IE,63.0,
817,,2020-05-01,359,42,IE,Ireland,IE,63.0,
818,,2020-02-17,0,0,IE,Ireland,IE,63.0,
819,,2020-03-28,302,3,IE,Ireland,IE,63.0,
820,,2020-05-04,330,38,IE,Ireland,IE,63.0,
821,,2020-04-17,724,42,IE,Ireland,IE,63.0,
822,,2020-03-14,21,0,IE,Ireland,IE,63.0,
823,42.0,2020-03-24,219,2,IE,Ireland,IE,63.0,-21.0
824,54.0,2020-02-04,0,0,IE,Ireland,IE,63.0,-9.0
825,,2020-02-08,0,0,IE,Ireland,IE,63.0,
826,,2020-04-20,493,39,IE,Ireland,IE,63.0,
827,,2020-02-28,0,0,IE,Ireland,IE,63.0,
828,,2020-04-16,1068,38,IE,Ireland,IE,63.0,
829,,2020-03-07,5,0,IE,Ireland,IE,63.0,
830,,2020-04-01,325,17,IE,Ireland,IE,63.0,
831,,2020-04-13,727,14,IE,Ireland,IE,63.0,
832,,2020-04-02,212,14,IE,Ireland,IE,63.0,
833,,2020-01-12,0,0,IE,Ireland,IE,63.0,
834,,2020-01-19,0,0,IE,Ireland,IE,63.0,
835,,2020-02-29,0,0,IE,Ireland,IE,63.0,
836,52.0,2019-12-17,0,0,IE,Ireland,IE,63.0,-11.0
837,,2020-04-30,376,31,IE,Ireland,IE,63.0,
838,,2020-03-15,38,1,IE,Ireland,IE,63.0,
839,,2020-05-11,236,12,IE,Ireland,IE,63.0,
840,68.0,2019-12-03,0,0,IE,Ireland,IE,63.0,5.0
841,,2020-01-17,0,0,IE,Ireland,IE,63.0,
842,63.0,2019-12-24,0,0,IE,Ireland,IE,63.0,0.0
843,,2020-01-10,0,0,IE,Ireland,IE,63.0,
844,,2020-05-16,129,12,IE,Ireland,IE,63.0,
845,,2020-01-13,0,0,IE,Ireland,IE,63.0,
846,45.0,2020-03-17,54,0,IE,Ireland,IE,63.0,-18.0
847,,2020-03-22,102,0,IE,Ireland,IE,63.0,
848,,2020-01-09,0,0,IE,Ireland,IE,63.0,
849,,2020-03-25,204,1,IE,Ireland,IE,63.0,
850,,2020-03-19,74,0,IE,Ireland,IE,63.0,
851,,2020-04-25,577,35,IE,Ireland,IE,63.0,
852,,2020-01-22,0,0,IE,Ireland,IE,63.0,
853,,2020-02-01,0,0,IE,Ireland,IE,63.0,
854,,2020-04-23,631,39,IE,Ireland,IE,63.0,
855,,2020-04-29,229,57,IE,Ireland,IE,63.0,
856,,2020-01-27,0,0,IE,Ireland,IE,63.0,
857,,2020-01-26,0,0,IE,Ireland,IE,63.0,
858,,2020-02-15,0,0,IE,Ireland,IE,63.0,
859,72.0,2019-11-19,0,0,IE,Ireland,IE,63.0,9.0
860,67.0,2019-12-31,0,0,IE,Ireland,IE,63.0,4.0
861,50.0,2020-03-03,0,0,IE,Ireland,IE,63.0,-13.0
862,,2020-01-31,0,0,IE,Ireland,IE,63.0,
863,,2020-03-02,0,0,IE,Ireland,IE,63.0,
864,,2020-02-29,0,0,BE,Belgium,BE,167.0,
865,,2020-05-13,330,54,BE,Belgium,BE,167.0,
866,,2020-04-27,809,177,BE,Belgium,BE,167.0,
867,117.0,2020-05-05,361,80,BE,Belgium,BE,167.0,-50.0
868,,2020-02-10,0,0,BE,Belgium,BE,167.0,
869,,2020-04-13,1629,254,BE,Belgium,BE,167.0,
870,155.0,2019-12-03,0,0,BE,Belgium,BE,167.0,-12.0
871,,2020-04-23,933,264,BE,Belgium,BE,167.0,
872,,2020-02-03,0,0,BE,Belgium,BE,167.0,
873,,2020-02-01,0,0,BE,Belgium,BE,167.0,
874,,2020-03-25,526,34,BE,Belgium,BE,167.0,
875,,2020-02-24,0,0,BE,Belgium,BE,167.0,
876,,2020-01-15,0,0,BE,Belgium,BE,167.0,
877,,2020-03-18,158,0,BE,Belgium,BE,167.0,
878,,2020-02-05,0,0,BE,Belgium,BE,167.0,
879,,2020-02-22,0,0,BE,Belgium,BE,167.0,
880,,2020-03-27,1298,42,BE,Belgium,BE,167.0,
881,,2020-03-06,27,0,BE,Belgium,BE,167.0,
882,,2020-01-20,0,0,BE,Belgium,BE,167.0,
883,,2020-01-27,0,0,BE,Belgium,BE,167.0,
884,146.0,2019-10-15,0,0,BE,Belgium,BE,167.0,-21.0
885,,2020-03-11,28,0,BE,Belgium,BE,167.0,
886,158.0,2020-01-07,0,0,BE,Belgium,BE,167.0,-9.0
887,138.0,2019-12-17,0,0,BE,Belgium,BE,167.0,-29.0
888,131.0,2020-02-04,1,0,BE,Belgium,BE,167.0,-36.0
889,,2020-03-13,85,0,BE,Belgium,BE,167.0,
890,151.0,2019-12-24,0,0,BE,Belgium,BE,167.0,-16.0
891,,2020-01-12,0,0,BE,Belgium,BE,167.0,
892,,2020-04-04,1422,132,BE,Belgium,BE,167.0,
893,,2020-01-26,0,0,BE,Belgium,BE,167.0,
894,,2020-04-10,1580,283,BE,Belgium,BE,167.0,
895,,2020-01-25,0,0,BE,Belgium,BE,167.0,
896,,2020-02-19,0,0,BE,Belgium,BE,167.0,
897,,2020-04-20,1313,230,BE,Belgium,BE,167.0,
898,,2020-02-09,0,0,BE,Belgium,BE,167.0,
899,,2020-04-03,1384,183,BE,Belgium,BE,167.0,
900,,2020-04-08,1380,403,BE,Belgium,BE,167.0,
901,193.0,2019-12-31,0,0,BE,Belgium,BE,167.0,26.0
902,,2020-03-08,60,0,BE,Belgium,BE,167.0,
903,127.0,2020-02-18,0,0,BE,Belgium,BE,167.0,-40.0
904,,2020-02-28,0,0,BE,Belgium,BE,167.0,
905,156.0,2019-10-29,0,0,BE,Belgium,BE,167.0,-11.0
906,,2020-01-08,0,0,BE,Belgium,BE,167.0,
907,,2020-03-07,59,0,BE,Belgium,BE,167.0,
908,,2020-03-28,1049,69,BE,Belgium,BE,167.0,
909,106.0,2020-04-28,553,113,BE,Belgium,BE,167.0,-61.0
910,,2020-01-16,0,0,BE,Belgium,BE,167.0,
911,,2020-04-18,1329,306,BE,Belgium,BE,167.0,
912,,2020-01-10,0,0,BE,Belgium,BE,167.0,
913,,2020-05-01,660,93,BE,Belgium,BE,167.0,
914,167.0,2019-11-05,0,0,BE,Belgium,BE,167.0,0.0
915,188.0,2019-11-19,0,0,BE,Belgium,BE,167.0,21.0
916,,2020-02-27,0,0,BE,Belgium,BE,167.0,
917,,2020-01-03,0,0,BE,Belgium,BE,167.0,
918,,2020-05-08,639,76,BE,Belgium,BE,167.0,
919,,2020-02-06,0,0,BE,Belgium,BE,167.0,
920,,2020-01-01,0,0,BE,Belgium,BE,167.0,
921,,2020-05-16,356,56,BE,Belgium,BE,167.0,
922,,2020-02-08,0,0,BE,Belgium,BE,167.0,
923,124.0,2020-03-17,199,1,BE,Belgium,BE,167.0,-43.0
924,96.0,2020-03-24,342,13,BE,Belgium,BE,167.0,-71.0
925,,2020-05-11,485,75,BE,Belgium,BE,167.0,
926,,2020-04-30,525,170,BE,Belgium,BE,167.0,
927,,2020-03-30,1702,78,BE,Belgium,BE,167.0,
928,110.0,2020-04-07,1123,185,BE,Belgium,BE,167.0,-57.0
929,169.0,2019-11-12,0,0,BE,Belgium,BE,167.0,2.0
930,,2020-02-14,0,0,BE,Belgium,BE,167.0,
931,,2020-03-04,5,0,BE,Belgium,BE,167.0,
932,,2020-03-01,0,0,BE,Belgium,BE,167.0,
933,,2020-03-16,197,0,BE,Belgium,BE,167.0,
934,,2020-05-18,291,47,BE,Belgium,BE,167.0,
935,,2020-01-06,0,0,BE,Belgium,BE,167.0,
936,,2020-02-16,0,0,BE,Belgium,BE,167.0,
937,135.0,2020-05-12,368,51,BE,Belgium,BE,167.0,-32.0
938,144.0,2020-02-25,0,0,BE,Belgium,BE,167.0,-23.0
939,,2020-04-01,876,192,BE,Belgium,BE,167.0,
940,,2020-05-04,389,79,BE,Belgium,BE,167.0,
941,,2020-05-06,242,92,BE,Belgium,BE,167.0,
942,,2020-01-11,0,0,BE,Belgium,BE,167.0,
943,,2020-04-12,1351,327,BE,Belgium,BE,167.0,
944,,2020-04-06,1260,164,BE,Belgium,BE,167.0,
945,,2020-01-18,0,0,BE,Belgium,BE,167.0,
946,120.0,2020-03-03,6,0,BE,Belgium,BE,167.0,-47.0
947,,2020-05-19,279,28,BE,Belgium,BE,167.0,
948,,2020-01-22,0,0,BE,Belgium,BE,167.0,
949,122.0,2020-01-28,0,0,BE,Belgium,BE,167.0,-45.0
950,,2020-03-12,47,3,BE,Belgium,BE,167.0,
951,100.0,2020-04-21,1487,145,BE,Belgium,BE,167.0,-67.0
952,,2020-04-02,1189,123,BE,Belgium,BE,167.0,
953,,2020-04-05,1661,140,BE,Belgium,BE,167.0,
954,,2020-05-10,585,60,BE,Belgium,BE,167.0,
955,,2020-01-30,0,0,BE,Belgium,BE,167.0,
956,,2020-04-25,1496,189,BE,Belgium,BE,167.0,
957,,2020-01-23,0,0,BE,Belgium,BE,167.0,
958,,2020-04-11,1684,496,BE,Belgium,BE,167.0,
959,,2020-04-24,908,228,BE,Belgium,BE,167.0,
960,,2020-04-17,1236,417,BE,Belgium,BE,167.0,
961,,2020-03-14,160,0,BE,Belgium,BE,167.0,
962,,2020-04-16,2454,283,BE,Belgium,BE,167.0,
963,131.0,2019-11-26,0,0,BE,Belgium,BE,167.0,-36.0
964,,2020-05-15,307,60,BE,Belgium,BE,167.0,
965,134.0,2020-02-11,0,0,BE,Belgium,BE,167.0,-33.0
966,,2020-05-07,272,323,BE,Belgium,BE,167.0,
967,,2020-05-20,232,28,BE,Belgium,BE,167.0,
968,,2020-03-05,10,0,BE,Belgium,BE,167.0,
969,,2020-04-15,530,254,BE,Belgium,BE,167.0,
970,108.0,2020-03-31,1063,82,BE,Belgium,BE,167.0,-59.0
971,,2020-01-17,0,0,BE,Belgium,BE,167.0,
972,,2020-02-20,0,0,BE,Belgium,BE,167.0,
973,170.0,2020-01-14,0,0,BE,Belgium,BE,167.0,3.0
974,142.0,2019-10-22,0,0,BE,Belgium,BE,167.0,-25.0
975,,2020-04-29,647,124,BE,Belgium,BE,167.0,
976,,2020-03-19,243,9,BE,Belgium,BE,167.0,
977,,2020-03-26,668,56,BE,Belgium,BE,167.0,
978,,2020-02-12,0,0,BE,Belgium,BE,167.0,
979,,2020-01-09,0,0,BE,Belgium,BE,167.0,
980,109.0,2020-04-14,942,303,BE,Belgium,BE,167.0,-58.0
981,,2020-02-13,0,0,BE,Belgium,BE,167.0,
982,,2020-03-20,309,7,BE,Belgium,BE,167.0,
983,,2020-02-07,0,0,BE,Belgium,BE,167.0,
984,,2020-02-21,0,0,BE,Belgium,BE,167.0,
985,,2020-02-15,0,0,BE,Belgium,BE,167.0,
986,125.0,2019-12-10,0,0,BE,Belgium,BE,167.0,-42.0
987,,2020-01-31,0,0,BE,Belgium,BE,167.0,
988,,2020-01-13,0,0,BE,Belgium,BE,167.0,
989,,2020-03-15,130,1,BE,Belgium,BE,167.0,
990,,2020-04-26,1032,238,BE,Belgium,BE,167.0,
991,,2020-02-23,0,0,BE,Belgium,BE,167.0,
992,,2020-03-02,1,0,BE,Belgium,BE,167.0,
993,,2020-04-19,1045,290,BE,Belgium,BE,167.0,
994,,2020-03-29,1850,64,BE,Belgium,BE,167.0,
995,118.0,2020-01-21,0,0,BE,Belgium,BE,167.0,-49.0
996,130.0,2020-03-10,39,0,BE,Belgium,BE,167.0,-37.0
997,,2020-01-04,0,0,BE,Belgium,BE,167.0,
998,,2020-02-17,0,0,BE,Belgium,BE,167.0,
999,,2020-04-09,1209,205,BE,Belgium,BE,167.0,
1000,,2020-05-17,345,46,BE,Belgium,BE,167.0,
1001,,2020-01-02,0,0,BE,Belgium,BE,167.0,
1002,,2020-01-05,0,0,BE,Belgium,BE,167.0,
1003,,2020-01-29,0,0,BE,Belgium,BE,167.0,
1004,,2020-03-22,558,30,BE,Belgium,BE,167.0,
1005,,2020-05-09,591,106,BE,Belgium,BE,167.0,
1006,,2020-02-26,0,0,BE,Belgium,BE,167.0,
1007,,2020-03-09,31,0,BE,Belgium,BE,167.0,
1008,,2020-05-03,485,62,BE,Belgium,BE,167.0,
1009,,2020-05-14,202,82,BE,Belgium,BE,167.0,
1010,,2020-01-24,0,0,BE,Belgium,BE,167.0,
1011,,2020-04-22,973,170,BE,Belgium,BE,167.0,
1012,,2020-01-19,0,0,BE,Belgium,BE,167.0,
1013,,2020-05-02,513,109,BE,Belgium,BE,167.0,
1014,,2020-02-02,0,0,BE,Belgium,BE,167.0,
1015,,2020-03-23,586,8,BE,Belgium,BE,167.0,
1016,,2020-03-21,462,16,BE,Belgium,BE,167.0,
